impl,size,transpose_a,transpose_b,reps,calls_per_sample,min_ms,median_ms,gflops_best,gflops_median
naive_ikj,64,0,0,15,27,0.04946,0.05816,10.599,9.015
accelerate,64,0,0,15,738,0.00172,0.00195,305.529,269.004
naive_ikj,64,1,0,15,52,0.02857,0.03159,18.350,16.598
accelerate,64,1,0,15,2000,0.00109,0.00111,481.440,473.612
naive_ikj,64,0,1,15,21,0.09097,0.09220,5.763,5.687
accelerate,64,0,1,15,1199,0.00140,0.00144,373.425,364.849
naive_ikj,64,1,1,15,22,0.09151,0.09437,5.730,5.556
accelerate,64,1,1,15,1547,0.00110,0.00123,476.193,427.641
naive_ikj,128,0,0,15,13,0.15088,0.15138,27.800,27.708
accelerate,128,0,0,15,366,0.00483,0.00485,869.286,864.092
naive_ikj,128,1,0,15,12,0.15198,0.15325,27.598,27.368
accelerate,128,1,0,15,413,0.00447,0.00449,937.484,933.520
naive_ikj,128,0,1,15,2,0.80125,0.80333,5.235,5.221
accelerate,128,0,1,15,251,0.00605,0.00613,693.044,684.003
naive_ikj,128,1,1,15,2,0.80119,0.80306,5.235,5.223
accelerate,128,1,1,15,360,0.00486,0.00490,862.493,855.806
naive_ikj,256,0,0,15,1,1.35875,1.36517,24.695,24.579
accelerate,256,0,0,15,60,0.02974,0.02987,1128.183,1123.311
naive_ikj,256,1,0,15,1,1.37429,1.38308,24.416,24.261
accelerate,256,1,0,15,54,0.03351,0.03365,1001.416,997.101
naive_ikj,256,0,1,15,1,11.09617,11.18013,3.024,3.001
accelerate,256,0,1,15,53,0.03417,0.03428,981.928,978.891
naive_ikj,256,1,1,15,1,11.09187,11.13033,3.025,3.015
accelerate,256,1,1,15,60,0.03022,0.03084,1110.339,1087.981
naive_ikj,512,0,0,7,1,10.68233,10.69342,25.129,25.103
accelerate,512,0,0,7,7,0.24016,0.24654,1117.736,1088.833
naive_ikj,512,1,0,7,1,10.70633,10.75996,25.073,24.948
accelerate,512,1,0,7,7,0.27796,0.28404,965.741,945.059
naive_ikj,512,0,1,7,1,88.81358,90.44583,3.022,2.968
accelerate,512,0,1,7,7,0.27298,0.27652,983.345,970.753
naive_ikj,512,1,1,7,1,89.29313,90.64071,3.006,2.962
accelerate,512,1,1,7,6,0.28985,0.29742,926.106,902.559
naive_ikj,1024,0,0,3,1,88.56467,89.18708,24.248,24.078
accelerate,1024,0,0,3,1,1.89179,1.95633,1135.158,1097.708
naive_ikj,1024,1,0,3,1,88.75604,89.21263,24.195,24.072
accelerate,1024,1,0,3,1,2.69346,2.70046,797.296,795.229
naive_ikj,1024,0,1,3,1,993.91488,1131.59129,2.161,1.898
accelerate,1024,0,1,3,1,2.11800,2.14758,1013.921,999.954
naive_ikj,1024,1,1,3,1,967.18458,970.68050,2.220,2.212
accelerate,1024,1,1,3,1,2.16696,2.16729,991.013,990.861
